{
  "val_best_micro": 0.4634197963455072,
  "test_micro": 0.4588387474678447,
  "test_macro": 0.3064191603683985,
  "test_auc_micro": 0.8415549609712191,
  "test_auc_macro": 0.7935878206764752
}